<?xml version="1.0" encoding="UTF-8" standalone="yes"?>
<addon id="plugin.video.BonesBuildWizard" name="BonesBuildWizard" version="1.0.1" provider-name="BonesBuildWizard">
  <requires>
    <import addon="xbmc.python" version="2.1.0"/>
  </requires>
  <extension point="xbmc.python.pluginsource" library="default.py">
        <provides>video executable</provides>
  </extension>
  <extension point="xbmc.addon.metadata">
    <summary lang="en">BonesBuildWizard</summary>
    <description lang="en">Install Zip file to my build wizard</description>
    <platform>all</platform>
  </extension>
</addon>
