<?xml version="1.0" encoding="UTF-8" standalone="yes"?>
<addon id="plugin.video.BBV2" name="Bones Build" version="1.0.1" provider-name="Bones">
  <requires>
    <import addon="xbmc.python" version="2.1.0"/>
  </requires>
  <extension point="xbmc.python.pluginsource" library="default.py">
        <provides>video executable</provides>
  </extension>
  <extension point="xbmc.addon.metadata">
    <summary lang="en">Bones Build</summary>
    <description lang="en">Schnazzy little build by Bones</description>
    <platform>all</platform>
  </extension>
</addon>
